
-- inserciones
insert into doctors (first_name, last_name) values ('Merla', 'Havvock');
insert into doctors (first_name, last_name) values ('Lindsay', 'Tregunnah');
insert into doctors (first_name, last_name) values ('Andrus', 'Nannini');
insert into doctors (first_name, last_name) values ('Issi', 'Lippiello');
insert into doctors (first_name, last_name) values ('Nerty', 'Ree');
insert into doctors (first_name, last_name) values ('Nicol', 'Escudier');
insert into doctors (first_name, last_name) values ('Hal', 'Iacovino');
insert into doctors (first_name, last_name) values ('Charmine', 'Keilty');
insert into doctors (first_name, last_name) values ('Petrina', 'Boughtflower');
insert into doctors (first_name, last_name) values ('Coral', 'Massenhove');
insert into doctors (first_name, last_name) values ('Raphaela', 'Cottell');
insert into doctors (first_name, last_name) values ('Ondrea', 'Acum');
insert into doctors (first_name, last_name) values ('Leila', 'Adrain');
insert into doctors (first_name, last_name) values ('Judye', 'Capehorn');
insert into doctors (first_name, last_name) values ('Klement', 'Sleeny');
insert into doctors (first_name, last_name) values ('Klarika', 'Maudsley');
insert into doctors (first_name, last_name) values ('Trever', 'Antonescu');
insert into doctors (first_name, last_name) values ('Faydra', 'McLewd');
insert into doctors (first_name, last_name) values ('Onida', 'Giraudoux');
insert into doctors (first_name, last_name) values ('Corry', 'Gosselin');
insert into doctors (first_name, last_name) values ('Hyman', 'Coppin');
insert into doctors (first_name, last_name) values ('Robby', 'Tombleson');
insert into doctors (first_name, last_name) values ('Elaine', 'Dossetter');
insert into doctors (first_name, last_name) values ('Vladimir', 'Cerron');
insert into doctors (first_name, last_name) values ('Cesar', 'Hinostroza');

insert into diseases (name) values ('Bronquitis aguda'), ('Sinusitis'), ('Infección urinaria'), ('Asma'), ('Neumonia');

insert into users (username, password) values ('admin', '123456');

insert into specialities (name, doctor_id) values ('Cardiologia', 1);
insert into specialities (name, doctor_id) values ('Cardiologia', 2);
insert into specialities (name, doctor_id) values ('Cardiologia', 3);
insert into specialities (name, doctor_id) values ('Cardiologia', 4);
insert into specialities (name, doctor_id) values ('Cardiologia', 5);
insert into specialities (name, doctor_id) values ('Pediatria', 6);
insert into specialities (name, doctor_id) values ('Pediatria', 7);
insert into specialities (name, doctor_id) values ('Pediatria', 8);
insert into specialities (name, doctor_id) values ('Pediatria', 9);
insert into specialities (name, doctor_id) values ('Pediatria', 10);
insert into specialities (name, doctor_id) values ('Medicina interna', 11);
insert into specialities (name, doctor_id) values ('Medicina interna', 12);
insert into specialities (name, doctor_id) values ('Medicina interna', 13);
insert into specialities (name, doctor_id) values ('Medicina interna', 14);
insert into specialities (name, doctor_id) values ('Medicina interna', 15);
insert into specialities (name, doctor_id) values ('Dermatología', 16);
insert into specialities (name, doctor_id) values ('Dermatología', 17);
insert into specialities (name, doctor_id) values ('Dermatología', 18);
insert into specialities (name, doctor_id) values ('Dermatología', 19);
insert into specialities (name, doctor_id) values ('Dermatología', 20);

INSERT INTO beds (id, cod) VALUES ('1', '1');
INSERT INTO beds (id, cod) VALUES ('2', '2');	
INSERT INTO beds (id, cod) VALUES ('3', '3');
INSERT INTO beds (id, cod) VALUES ('4', '4');
INSERT INTO beds (id, cod) VALUES ('5', '5');
INSERT INTO beds (id, cod) VALUES ('6', '6');
INSERT INTO beds (id, cod) VALUES ('7', '7');
INSERT INTO beds (id, cod) VALUES ('8', '8');
INSERT INTO beds (id, cod) VALUES ('9', '9');
INSERT INTO beds (id, cod) VALUES ('10', '10');
INSERT INTO beds (id, cod) VALUES ('11', '11');
INSERT INTO beds (id, cod) VALUES ('12', '12');
INSERT INTO beds (id, cod) VALUES ('13', '13');
INSERT INTO beds (id, cod) VALUES ('14', '14');
INSERT INTO beds (id, cod) VALUES ('15', '15');
INSERT INTO beds (id, cod) VALUES ('16', '16');
INSERT INTO beds (id, cod) VALUES ('17', '17');
INSERT INTO beds (id, cod) VALUES ('18', '18');
INSERT INTO beds (id, cod) VALUES ('19', '19');
INSERT INTO beds (id, cod) VALUES ('20', '20');
INSERT INTO beds (id, cod) VALUES ('21', '21');
INSERT INTO beds (id, cod) VALUES ('22', '22');
INSERT INTO beds (id, cod) VALUES ('23', '23');
INSERT INTO beds (id, cod) VALUES ('24', '24');
INSERT INTO beds (id, cod) VALUES ('25', '25');
INSERT INTO beds (id, cod) VALUES ('26', '26');
INSERT INTO beds (id, cod) VALUES ('27', '27');
INSERT INTO beds (id, cod) VALUES ('28', '28');
INSERT INTO beds (id, cod) VALUES ('29', '29');
INSERT INTO beds (id, cod) VALUES ('30', '30');

INSERT INTO families (id, cod) VALUES ('22', 'Aarón');
INSERT INTO families (id, cod) VALUES ('23', 'Abdul');
INSERT INTO families (id, cod) VALUES ('24', 'Abel');
INSERT INTO families (id, cod) VALUES ('25', 'Abelardo');
INSERT INTO families (id, cod) VALUES ('26', 'Abraham');
INSERT INTO families (id, cod) VALUES ('27', 'Adam');
INSERT INTO families (id, cod) VALUES ('28', 'Adolfo');
INSERT INTO families (id, cod) VALUES ('29', 'Adrián');
INSERT INTO families (id, cod) VALUES ('30', 'Agustín');
INSERT INTO families (id, cod) VALUES ('31', 'Aladino');
INSERT INTO families (id, cod) VALUES ('32', 'Alan');
INSERT INTO families (id, cod) VALUES ('33', 'Alberto');
INSERT INTO families (id, cod) VALUES ('34', 'Alejandro');
INSERT INTO families (id, cod) VALUES ('35', 'Alessandro');
INSERT INTO families (id, cod) VALUES ('36', 'Alexis');
INSERT INTO families (id, cod) VALUES ('37', 'Alfonso');
INSERT INTO families (id, cod) VALUES ('38', 'Bartolomé');
INSERT INTO families (id, cod) VALUES ('39', 'Belisario');
INSERT INTO families (id, cod) VALUES ('40', 'Benjamín');
INSERT INTO families (id, cod) VALUES ('41', 'Benedicto');
INSERT INTO families (id, cod) VALUES ('42', 'Brian');
INSERT INTO families (id, cod) VALUES ('43', 'Casimiro');
INSERT INTO families (id, cod) VALUES ('44', 'César');
INSERT INTO families (id, cod) VALUES ('45', 'Christian');
INSERT INTO families (id, cod) VALUES ('46', 'Claudio');
INSERT INTO families (id, cod) VALUES ('47', 'Constantino');
INSERT INTO families (id, cod) VALUES ('48', 'Cristóbal');
INSERT INTO families (id, cod) VALUES ('49', 'Domingo');
INSERT INTO families (id, cod) VALUES ('50', 'Eduardo');
INSERT INTO families (id, cod) VALUES ('51', 'Elías');

/*
INSERT INTO `patients` (`id`, `first_name`, `last_name`, `gender`, `city`, `district`, `direction`, `telephone`, `email`, `DNI`, `date_birth`, `family_id`, `bed_id`, `disease_id`) VALUES (NULL, 'Pedro', 'Valencia', 'Masculino', 'Lima', 'Surco', 'Calle Cannevaro', '987456254', 'raul@gmail.com', '74109345', '2009-10-07', '48', '5', '2');

INSERT INTO `patients` (`id`, `first_name`, `last_name`, `gender`, `city`, `district`, `direction`, `telephone`, `email`, `DNI`, `date_birth`, `family_id`, `bed_id`, `disease_id`) VALUES (NULL, 'Stella', 'Messi', 'Femenino', 'Lima', 'Barranco', 'Calle Miotta', '937019621', 'stella_03@gmail.com', '76982408', '2002-05-12', '38', '12', '1');

INSERT INTO `patients` (`id`, `first_name`, `last_name`, `gender`, `city`, `district`, `direction`, `telephone`, `email`, `DNI`, `date_birth`, `family_id`, `bed_id`, `disease_id`) VALUES (NULL, 'Nastya', 'Eduardonov', 'Femenino', 'Lima', 'Lince', 'Calle Meneses', '912078248', 'nasedu9@gmail.com', '48751208', '2000-06-09', '26', '17', '3');

INSERT INTO `patients` (`id`, `first_name`, `last_name`, `gender`, `city`, `district`, `direction`, `telephone`, `email`, `DNI`, `date_birth`, `family_id`, `bed_id`, `disease_id`) VALUES (NULL, 'Miguel', 'Farfan', 'Masculino', 'Lima', 'La Victoria', 'Calle Luna', '948830062', 'miguelon@gmail.com', '74117062', '2011-10-23', '22', '19', '1');

INSERT INTO `patients` (`id`, `first_name`, `last_name`, `gender`, `city`, `district`, `direction`, `telephone`, `email`, `DNI`, `date_birth`, `family_id`, `bed_id`, `disease_id`) VALUES (NULL, 'David', 'Bartolo', 'Masculino', 'Lima', 'Chorrillos', 'Calle Peña', '904895341', 'barton@gmail.com', '82516015', '2004-07-18', '28', '24', '5');

INSERT INTO `patients` (`id`, `first_name`, `last_name`, `gender`, `city`, `district`, `direction`, `telephone`, `email`, `DNI`, `date_birth`, `family_id`, `bed_id`, `disease_id`) VALUES (NULL, 'Fernando', 'Millones', 'Masculino', 'Lima', 'Callao', 'Calle Cuchito', '912945078', 'fernandom@gmail.com', '93471728', '2009-12-08', '31', '28', '4');

INSERT INTO `patients` (`id`, `first_name`, `last_name`, `gender`, `city`, `district`, `direction`, `telephone`, `email`, `DNI`, `date_birth`, `family_id`, `bed_id`, `disease_id`) VALUES (NULL, 'Carlos', 'Angulo', 'Masculino', 'Lima', 'VES', 'Calle Orquidea', '987654328', 'angulo3@gmail.com', '75180619', '2014-06-09', '42', '16', '5');

INSERT INTO `patients` (`id`, `first_name`, `last_name`, `gender`, `city`, `district`, `direction`, `telephone`, `email`, `DNI`, `date_birth`, `family_id`, `bed_id`, `disease_id`) VALUES (NULL, 'Mariana', 'Flores', 'Femenino', 'Lima', 'Carabayllo', 'Calle Paleta', '974859632', 'mari03@gmail.com', '82531585', '1999-03-07', '35', '21', '3');

INSERT INTO `patients` (`id`, `first_name`, `last_name`, `gender`, `city`, `district`, `direction`, `telephone`, `email`, `DNI`, `date_birth`, `family_id`, `bed_id`, `disease_id`) VALUES (NULL, 'Anastacia', 'Maldini', 'Femenino', 'Lima', 'La Molina', 'Calle Luxemburgo', '945678923', 'anastacia@gmail.com', '43078232', '1996-10-24', '41', '10', '5');

INSERT INTO `patients` (`id`, `first_name`, `last_name`, `gender`, `city`, `district`, `direction`, `telephone`, `email`, `DNI`, `date_birth`, `family_id`, `bed_id`, `disease_id`) VALUES (NULL, 'Ferran', 'Torres', 'Masculino', 'Lima', 'San Isidro', 'Calle Jirones', '915975346', 'ferran@gmail.com', '42809498', '2011-05-14', '39', '2', '1');

INSERT INTO `patients` (`id`, `first_name`, `last_name`, `gender`, `city`, `district`, `direction`, `telephone`, `email`, `DNI`, `date_birth`, `family_id`, `bed_id`, `disease_id`) VALUES (NULL, 'Rauw', 'Alejandro', 'Masculino', 'Lima', 'SMP', 'Avenida Alisos', '981256254', 'rauw@gmail.com', '71409345', '2019-12-01', '30', '8', '1');

INSERT INTO `patients` (`id`, `first_name`, `last_name`, `gender`, `city`, `district`, `direction`, `telephone`, `email`, `DNI`, `date_birth`, `family_id`, `bed_id`, `disease_id`) VALUES (NULL, 'Stephanie', 'Velasquez', 'Femenino', 'Lima', 'Lince', 'Calle Buenaventura', '955854621', 'svela@gmail.com', '74900186', '2020-01-01', '26', '9', '2');

INSERT INTO `patients` (`id`, `first_name`, `last_name`, `gender`, `city`, `district`, `direction`, `telephone`, `email`, `DNI`, `date_birth`, `family_id`, `bed_id`, `disease_id`) VALUES (NULL, 'Gustavo', 'Cerati', 'Masculino', 'Lima', 'Ancón', 'Calle Asta', '913325148', 'gustavocer@gmail.com', '87652156', '2012-11-05', '26', '11', '3');

INSERT INTO `patients` (`id`, `first_name`, `last_name`, `gender`, `city`, `district`, `direction`, `telephone`, `email`, `DNI`, `date_birth`, `family_id`, `bed_id`, `disease_id`) VALUES (NULL, 'Leonardo', 'Dicaprio', 'Masculino', 'Lima', 'Independencia', 'Calle Antisuyo', '948532160', 'leonardo@gmail.com', '74511416', '2009-11-10', '42', '08', '4');

INSERT INTO `patients` (`id`, `first_name`, `last_name`, `gender`, `city`, `district`, `direction`, `telephone`, `email`, `DNI`, `date_birth`, `family_id`, `bed_id`, `disease_id`) VALUES (NULL, 'Owen', 'Oconell', 'Masculino', 'Lima', 'Los Olivos', 'Calle Pariona', '974888501', 'ooconell@gmail.com', '85496017', '2015-02-28', '29', '06', '5');

INSERT INTO `patients` (`id`, `first_name`, `last_name`, `gender`, `city`, `district`, `direction`, `telephone`, `email`, `DNI`, `date_birth`, `family_id`, `bed_id`, `disease_id`) VALUES (NULL, 'Gianella', 'Deniro', 'Femenino', 'Lima', 'Callao', 'Calle Molino', '912344451', 'giade@gmail.com', '9841122', '2018-12-10', '25', '12', '5');

INSERT INTO `patients` (`id`, `first_name`, `last_name`, `gender`, `city`, `district`, `direction`, `telephone`, `email`, `DNI`, `date_birth`, `family_id`, `bed_id`, `disease_id`) VALUES (NULL, 'Angie', 'Arizaga', 'Femenino', 'Lima', 'VES', 'Calle Villa', '987652428', 'angieari@gmail.com', '74589362', '2020-08-05', '46', '26', '4');

INSERT INTO `patients` (`id`, `first_name`, `last_name`, `gender`, `city`, `district`, `direction`, `telephone`, `email`, `DNI`, `date_birth`, `family_id`, `bed_id`, `disease_id`) VALUES (NULL, 'Abelardo', 'Zésamo', 'Masculino', 'Lima', 'Lima', 'Calle Antares', '925859632', 'abelardoz@gmail.com', '87551289', '2001-11-11', '20', '29', '3');

INSERT INTO `patients` (`id`, `first_name`, `last_name`, `gender`, `city`, `district`, `direction`, `telephone`, `email`, `DNI`, `date_birth`, `family_id`, `bed_id`, `disease_id`) VALUES (NULL, 'Jazmin', 'Aurora', 'Femenino', 'Lima', 'San Borja', 'Calle Dowmbelow', '988548923', 'jaza@gmail.com', '44558932', '2012-12-12', '45', '30', '2');

INSERT INTO `patients` (`id`, `first_name`, `last_name`, `gender`, `city`, `district`, `direction`, `telephone`, `email`, `DNI`, `date_birth`, `family_id`, `bed_id`, `disease_id`) VALUES (NULL, 'Pedro', 'Aquino', 'Masculino', 'Lima', 'Miraflores', 'Calle Platea', '915973646', 'pedroaquino@gmail.com', '47854508', '2011-06-28', '48', '4', '1');

INSERT INTO `patients` (`id`, `first_name`, `last_name`, `gender`, `city`, `district`, `direction`, `telephone`, `email`, `DNI`, `date_birth`, `family_id`, `bed_id`, `disease_id`) VALUES (NULL, 'Raul', 'Gomez', 'Masculino', 'Lima', 'SJL', 'Calle Ajio', '987456254', 'raul@gmail.com', '74909345', '2009-12-01', '50', '8', '1');

INSERT INTO `patients` (`id`, `first_name`, `last_name`, `gender`, `city`, `district`, `direction`, `telephone`, `email`, `DNI`, `date_birth`, `family_id`, `bed_id`, `disease_id`) VALUES (NULL, 'Sofia', 'Vergara', 'Femenino', 'Lima', 'VMT', 'Calle Luna', '974859621', 'sofia@gmail.com', '74905486', '2020-01-01', '36', '9', '2');

INSERT INTO `patients` (`id`, `first_name`, `last_name`, `gender`, `city`, `district`, `direction`, `telephone`, `email`, `DNI`, `date_birth`, `family_id`, `bed_id`, `disease_id`) VALUES (NULL, 'Gustavo', 'Salazar', 'Masculino', 'Lima', 'Lince', 'Calle Limon', '912345148', 'gustavo@gmail.com', '87651256', '2007-04-05', '46', '11', '3');

INSERT INTO `patients` (`id`, `first_name`, `last_name`, `gender`, `city`, `district`, `direction`, `telephone`, `email`, `DNI`, `date_birth`, `family_id`, `bed_id`, `disease_id`) VALUES (NULL, 'Leonardo', 'Baca', 'Masculino', 'Lima', 'Ate', 'Calle Sol', '948512360', 'leo@gmail.com', '74518962', '2014-11-11', '40', '18', '4');

INSERT INTO `patients` (`id`, `first_name`, `last_name`, `gender`, `city`, `district`, `direction`, `telephone`, `email`, `DNI`, `date_birth`, `family_id`, `bed_id`, `disease_id`) VALUES (NULL, 'Owen', 'Jaramillo', 'Masculino', 'Lima', 'SJL', 'Calle Paila', '974895001', 'owen@gmail.com', '84596017', '2015-12-28', '29', '16', '5');

INSERT INTO `patients` (`id`, `first_name`, `last_name`, `gender`, `city`, `district`, `direction`, `telephone`, `email`, `DNI`, `date_birth`, `family_id`, `bed_id`, `disease_id`) VALUES (NULL, 'Gianella', 'Condorcanqui', 'Femenino', 'Lima', 'Callao', 'Calle Barracones', '912345678', 'gia@gmail.com', '9845102', '2016-12-08', '25', '22', '5');

INSERT INTO `patients` (`id`, `first_name`, `last_name`, `gender`, `city`, `district`, `direction`, `telephone`, `email`, `DNI`, `date_birth`, `family_id`, `bed_id`, `disease_id`) VALUES (NULL, 'Angie', 'Carhuamaca', 'Femenino', 'Lima', 'VES', 'Calle Acera', '987654328', 'angie@gmail.com', '74589612', '2020-06-01', '46', '26', '4');

INSERT INTO `patients` (`id`, `first_name`, `last_name`, `gender`, `city`, `district`, `direction`, `telephone`, `email`, `DNI`, `date_birth`, `family_id`, `bed_id`, `disease_id`) VALUES (NULL, 'Abelardo', 'Quispe', 'Masculino', 'Lima', 'Comas', 'Calle Ajo', '974859632', 'abelardo@gmail.com', '87541289', '2001-11-11', '20', '29', '3');

INSERT INTO `patients` (`id`, `first_name`, `last_name`, `gender`, `city`, `district`, `direction`, `telephone`, `email`, `DNI`, `date_birth`, `family_id`, `bed_id`, `disease_id`) VALUES (NULL, 'Jacinta', 'Pampañaupa', 'Femenino', 'Lima', 'La Molina', 'Calle Estrella', '945678923', 'jacinta@gmail.com', '45678932', '2012-12-12', '45', '30', '2');

INSERT INTO `patients` (`id`, `first_name`, `last_name`, `gender`, `city`, `district`, `direction`, `telephone`, `email`, `DNI`, `date_birth`, `family_id`, `bed_id`, `disease_id`) VALUES (NULL, 'Pedro', 'Astuñaupa', 'Masculino', 'Lima', 'Miraflores', 'Calle Planeta', '915975346', 'pedro@gmail.com', '47859608', '2011-06-28', '44', '4', '1');
*/